{"cameraMode":{"drawMode":0,"name":"Shaded","section":"Shading Mode"},"sceneLighting":false,"audioPlay":false,"sceneViewState":{"showFog":true,"showMaterialUpdate":false,"showSkybox":false,"showFlares":true,"showImageEffects":true,"showParticleSystems":true},"in2DMode":false,"pivot":{"x":0.6702253818511963,"y":1.1449999809265137,"z":2.2400002479553224},"rotation":{"x":0.26029741764068606,"y":-0.021722136065363885,"z":0.005857777316123247,"w":0.9652673602104187},"size":15.475170135498047,"orthographic":false}