{"cameraMode":{"drawMode":0,"name":"Shaded","section":"Shading Mode"},"sceneLighting":true,"audioPlay":false,"sceneViewState":{"showFog":true,"showMaterialUpdate":false,"showSkybox":false,"showFlares":true,"showImageEffects":true,"showParticleSystems":true},"in2DMode":false,"pivot":{"x":10.80286979675293,"y":-8.451149940490723,"z":15.836874008178711},"rotation":{"x":0.23154640197753907,"y":0.27563250064849856,"z":-0.06858370453119278,"w":0.9304467439651489},"size":24.006223678588868,"orthographic":false}